Provider,Location,Device,Aggregate Date,Test Count,Sample Count,Platform,Technology Type,Metric Type,Device Count,Minimum Latency,Multi-Server Latency,Multi-Server Jitter,Download Speed,Upload Speed,Download Speed Mbps,Upload Speed Mbps
Smart,Philippines,all,"May 3, 2026",7193,2672,N/A,cellular,median,4230,19,51.4357,16.1908,45358,6492,45.36,6.49
Globe,Philippines,all,"May 3, 2026",8220,2464,N/A,cellular,median,3887,21,44.0764,14.0514,34373,7923,34.37,7.92
DITO,Philippines,all,"May 3, 2026",3168,1037,N/A,cellular,median,1617,28,49.3208,13.0785,32761,6287,32.76,6.29
Smart,Philippines,all,"May 4, 2026",7434,2724,N/A,cellular,median,4327,19,50.7192,15.9842,48647,6761,48.65,6.76
Globe,Philippines,all,"May 4, 2026",9874,2685,N/A,cellular,median,4092,21,43.2011,14.0888,33787,7483,33.79,7.48
DITO,Philippines,all,"May 4, 2026",2968,1025,N/A,cellular,median,1654,28,49.9469,13.2885,36158,5701,36.16,5.70
Smart,Philippines,all,"May 5, 2026",8051,2789,N/A,cellular,median,4398,19,51.263,16.8767,47223,6210,47.22,6.21
Globe,Philippines,all,"May 5, 2026",10882,2733,N/A,cellular,median,4284,20,44.2915,14.0695,34594,7583,34.59,7.58
DITO,Philippines,all,"May 5, 2026",3244,1127,N/A,cellular,median,1695,27,50.8694,13.2296,33914,5738,33.91,5.74
Smart,Philippines,all,"May 6, 2026",8219,2866,N/A,cellular,median,4410,19,49.9472,17.3549,45557,5934,45.56,5.93
Globe,Philippines,all,"May 6, 2026",11714,2899,N/A,cellular,median,4488,20,42.6231,13.6807,36643,7661,36.64,7.66
DITO,Philippines,all,"May 6, 2026",3664,1146,N/A,cellular,median,1760,28,50.9363,15.2874,29619,5304,29.62,5.30
Smart,Philippines,all,"May 7, 2026",8236,2888,N/A,cellular,median,4568,19,50.2509,16.8121,47229,6533,47.23,6.53
Globe,Philippines,all,"May 7, 2026",10971,2762,N/A,cellular,median,4259,20,43.8798,14.322,34885,7550,34.89,7.55
DITO,Philippines,all,"May 7, 2026",3279,1133,N/A,cellular,median,1741,27,50.9221,13.9641,35302,5717,35.30,5.72
Smart,Philippines,all,"May 8, 2026",8101,2937,N/A,cellular,median,4500,19,50.4298,17.6421,48283,6603,48.28,6.60
Globe,Philippines,all,"May 8, 2026",15796,2862,N/A,cellular,median,4399,21,42.8493,14.3747,34329,7483,34.33,7.48
DITO,Philippines,all,"May 8, 2026",3106,1147,N/A,cellular,median,1765,28,52.2476,13.824,37344,6283,37.34,6.28
Smart,Philippines,all,"May 9, 2026",8013,2879,N/A,cellular,median,4481,19,51.2718,16.3735,45907,6482,45.91,6.48
Globe,Philippines,all,"May 9, 2026",12555,2801,N/A,cellular,median,4467,21,44.9453,14.3865,33761,7132,33.76,7.13
DITO,Philippines,all,"May 9, 2026",3110,1103,N/A,cellular,median,1744,28,52.9915,12.6624,29600,5957,29.60,5.96
Smart,Philippines,all,"May 10, 2026",7366,2717,N/A,cellular,median,4286,19,50.6777,16.341,48483,6715,48.48,6.72
Globe,Philippines,all,"May 10, 2026",7068,2486,N/A,cellular,median,3997,20,43.8578,14.2867,33423,7081,33.42,7.08
DITO,Philippines,all,"May 10, 2026",2781,1008,N/A,cellular,median,1636,28,52.1977,12.7951,33139,6130,33.14,6.13
Smart,Philippines,all,"May 11, 2026",7657,2590,N/A,cellular,median,4097,19,50.4644,17.1981,49292,6555,49.29,6.56
Globe,Philippines,all,"May 11, 2026",11639,2592,N/A,cellular,median,4022,20,43.3659,13.6324,32930,7472,32.93,7.47
DITO,Philippines,all,"May 11, 2026",3134,1038,N/A,cellular,median,1605,28,53.8597,13.5996,35737,5743,35.74,5.74
Smart,Philippines,all,"May 12, 2026",10303,3492,N/A,cellular,median,5319,18,48.6415,19.6675,47995,6155,48.00,6.16
Globe,Philippines,all,"May 12, 2026",20460,3863,N/A,cellular,median,6055,21,45.0554,15.9954,33626,6788,33.63,6.79
DITO,Philippines,all,"May 12, 2026",3749,1226,N/A,cellular,median,1798,25,50.0057,14.6458,35434,4888,35.43,4.89
Smart,Philippines,all,"May 13, 2026",11292,3890,N/A,cellular,median,5888,19,51.5402,20.3875,42534,5105,42.53,5.11
Globe,Philippines,all,"May 13, 2026",17237,3728,N/A,cellular,median,5750,20,44.3748,15.9707,31622,6130,31.62,6.13
DITO,Philippines,all,"May 13, 2026",4237,1405,N/A,cellular,median,2172,29,53.5539,14.1567,30910,5254,30.91,5.25
Smart,Philippines,all,"May 14, 2026",9194,3222,N/A,cellular,median,4909,19,51.1542,18.9157,44128,5216,44.13,5.22
Globe,Philippines,all,"May 14, 2026",14018,3211,N/A,cellular,median,5009,21,44.027,15.3712,32797,6813,32.80,6.81
DITO,Philippines,all,"May 14, 2026",3848,1298,N/A,cellular,median,2008,27,53.844,13.8475,31644,5053,31.64,5.05
Smart,Philippines,all,"May 15, 2026",9909,3508,N/A,cellular,median,5541,19,50.5923,18.7379,45302,5817,45.30,5.82
Globe,Philippines,all,"May 15, 2026",20110,3644,N/A,cellular,median,5651,20,44.7289,15.7822,33628,6821,33.63,6.82
DITO,Philippines,all,"May 15, 2026",4097,1400,N/A,cellular,median,2159,28,52.1789,13.3117,33176,5474,33.18,5.47
Smart,Philippines,all,"May 16, 2026",8926,3194,N/A,cellular,median,5056,19,51.8299,17.794,43930,5750,43.93,5.75
Globe,Philippines,all,"May 16, 2026",14859,3153,N/A,cellular,median,4987,21,45.3569,15.0246,34548,6974,34.55,6.97
DITO,Philippines,all,"May 16, 2026",3955,1339,N/A,cellular,median,2039,28,53.2283,13.6614,31276,5517,31.28,5.52
Smart,Philippines,all,"May 17, 2026",7849,2793,N/A,cellular,median,4217,19,50.4628,16.5531,45477,6055,45.48,6.06
Globe,Philippines,all,"May 17, 2026",7731,2736,N/A,cellular,median,4230,21,44.625,14.6381,34169,7069,34.17,7.07
DITO,Philippines,all,"May 17, 2026",3238,1143,N/A,cellular,median,1737,29,53.2686,14.8506,29571,5956,29.57,5.96
Smart,Philippines,all,"May 18, 2026",7880,2755,N/A,cellular,median,4413,19,49.7076,17.1464,48228,6058,48.23,6.06
Globe,Philippines,all,"May 18, 2026",13716,2860,N/A,cellular,median,4351,20,43.1627,13.7707,36491,7892,36.49,7.89
DITO,Philippines,all,"May 18, 2026",3481,1098,N/A,cellular,median,1710,28,53.4488,13.1787,30303,6051,30.30,6.05
Smart,Philippines,all,"May 19, 2026",7897,2832,N/A,cellular,median,4447,19,50.9378,16.8386,49603,6421,49.60,6.42
Globe,Philippines,all,"May 19, 2026",13529,2846,N/A,cellular,median,4551,20,44.1909,13.9763,36379,7360,36.38,7.36
DITO,Philippines,all,"May 19, 2026",3594,1176,N/A,cellular,median,1692,27,55.4139,13.8428,35918,6403,35.92,6.40
Smart,Philippines,all,"May 20, 2026",7927,2864,N/A,cellular,median,4380,19,50.5353,17.3369,49572,6537,49.57,6.54
Globe,Philippines,all,"May 20, 2026",15311,2860,N/A,cellular,median,4374,21,44.4963,14.0592,36574,7787,36.57,7.79
DITO,Philippines,all,"May 20, 2026",3686,1140,N/A,cellular,median,1765,27,54.4132,12.8695,31671,6050,31.67,6.05
Smart,Philippines,all,"May 21, 2026",8241,2977,N/A,cellular,median,4626,19,48.489,16.1446,52275,7059,52.28,7.06
Globe,Philippines,all,"May 21, 2026",15921,2866,N/A,cellular,median,4408,21,44.4718,13.8555,37504,7695,37.50,7.70
DITO,Philippines,all,"May 21, 2026",3841,1180,N/A,cellular,median,1832,28,54.3945,13.6603,35078,6308,35.08,6.31
Smart,Philippines,all,"May 22, 2026",8997,3188,N/A,cellular,median,4868,19,49.8935,18.0402,47681,6391,47.68,6.39
Globe,Philippines,all,"May 22, 2026",21190,3126,N/A,cellular,median,4884,21,45.895,14.6475,37479,7813,37.48,7.81
DITO,Philippines,all,"May 22, 2026",3844,1295,N/A,cellular,median,1996,26,52.0027,13.4739,33509,6027,33.51,6.03
Smart,Philippines,all,"May 23, 2026",8506,3176,N/A,cellular,median,4947,19,50.8586,19.2679,45880,6163,45.88,6.16
Globe,Philippines,all,"May 23, 2026",14553,3043,N/A,cellular,median,4711,22,46.6107,14.4956,36508,7413,36.51,7.41
DITO,Philippines,all,"May 23, 2026",3543,1269,N/A,cellular,median,1978,25,52.3142,13.4423,32634,5012,32.63,5.01
Smart,Philippines,all,"May 24, 2026",7578,2755,N/A,cellular,median,4394,19,50.2529,17.174,44330,6302,44.33,6.30
Globe,Philippines,all,"May 24, 2026",7964,2657,N/A,cellular,median,4155,21,44.7519,14.0967,36834,7533,36.83,7.53
DITO,Philippines,all,"May 24, 2026",3157,1169,N/A,cellular,median,1847,24,52.9524,13.7903,36077,6075,36.08,6.08
Smart,Philippines,all,"May 25, 2026",7866,2943,N/A,cellular,median,4512,19,49.0202,18.4172,48454,6423,48.45,6.42
Globe,Philippines,all,"May 25, 2026",12612,2829,N/A,cellular,median,4515,21,45.4204,13.8381,37443,7342,37.44,7.34
DITO,Philippines,all,"May 25, 2026",3279,1129,N/A,cellular,median,1773,25,53.772,13.7612,33400,6197,33.40,6.20
Smart,Philippines,all,"May 26, 2026",8344,3003,N/A,cellular,median,4577,19,49.1652,18.4285,48241,6290,48.24,6.29
Globe,Philippines,all,"May 26, 2026",18533,2970,N/A,cellular,median,4475,21,44.5882,13.8886,37398,7716,37.40,7.72
DITO,Philippines,all,"May 26, 2026",3196,1114,N/A,cellular,median,1715,24,53.5335,13.1503,34303,5589,34.30,5.59
Smart,Philippines,all,"May 27, 2026",7932,2874,N/A,cellular,median,4291,19,49.2797,17.0474,46334,6054,46.33,6.05
Globe,Philippines,all,"May 27, 2026",9610,2792,N/A,cellular,median,4323,21,45.1311,14.2912,37999,7567,38.00,7.57
DITO,Philippines,all,"May 27, 2026",3002,1085,N/A,cellular,median,1719,24,53.9823,13.2627,31395,5758,31.40,5.76
Smart,Philippines,all,"May 28, 2026",8529,3020,N/A,cellular,median,4700,19,50.9711,18.6799,48380,6012,48.38,6.01
Globe,Philippines,all,"May 28, 2026",16078,3004,N/A,cellular,median,4644,21,44.5251,14.082,39923,7797,39.92,7.80
DITO,Philippines,all,"May 28, 2026",3557,1133,N/A,cellular,median,1721,25,53.0217,13.5796,34886,5587,34.89,5.59
Smart,Philippines,all,"May 29, 2026",8777,3101,N/A,cellular,median,4899,19,50.5708,20.2346,46346,5750,46.35,5.75
Globe,Philippines,all,"May 29, 2026",20131,3064,N/A,cellular,median,4793,21,46.0044,13.7216,36562,7486,36.56,7.49
DITO,Philippines,all,"May 29, 2026",3276,1131,N/A,cellular,median,1736,25,53.5798,14.2947,32141,5833,32.14,5.83
Smart,Philippines,all,"May 30, 2026",8510,3053,N/A,cellular,median,4742,19,50.431,17.5953,46057,5848,46.06,5.85
Globe,Philippines,all,"May 30, 2026",21259,3107,N/A,cellular,median,4937,21,45.6777,13.7994,36519,7487,36.52,7.49
DITO,Philippines,all,"May 30, 2026",3117,1098,N/A,cellular,median,1753,25,53.4896,14.3543,29671,5061,29.67,5.06
Smart,Philippines,all,"May 31, 2026",7459,2772,N/A,cellular,median,4206,19,51.6603,17.5622,46596,6211,46.60,6.21
Globe,Philippines,all,"May 31, 2026",14050,2641,N/A,cellular,median,4159,21,47.0381,14.5305,38045,7631,38.05,7.63
DITO,Philippines,all,"May 31, 2026",2886,1068,N/A,cellular,median,1641,25,53.8528,13.5438,31648,5933,31.65,5.93
Smart,Philippines,all,"Jun 1, 2026",7675,2870,N/A,cellular,median,4513,19,49.8752,17.0647,50026,6311,50.03,6.31
Globe,Philippines,all,"Jun 1, 2026",15005,2843,N/A,cellular,median,4449,21,45.2766,13.2279,38330,7940,38.33,7.94
DITO,Philippines,all,"Jun 1, 2026",3204,1130,N/A,cellular,median,1684,25,54.0003,14.13,28442,5324,28.44,5.32
